Followers,Following,Bio_Length,Has_Profile_Photo,Is_Private,Label
18,188,52,1,0,1
397,719,24,1,0,1
482,183,87,0,1,0
135,658,27,1,1,1
749,408,67,0,0,0
969,140,70,0,1,1
271,195,54,1,1,0
734,386,64,1,0,0
365,496,92,0,0,0
381,345,47,1,0,1
570,677,19,0,0,0
484,772,68,0,1,1
419,351,47,1,1,1
544,604,81,1,0,1
521,872,81,0,1,0
371,228,12,1,0,0
783,85,39,0,1,1
578,387,6,0,0,1
929,160,17,0,0,0
679,814,63,0,1,0
680,622,26,1,0,0
936,181,78,1,1,1
236,676,72,1,1,0
618,858,77,0,0,0
366,728,8,0,1,0
727,527,24,1,1,0
596,313,18,1,0,1
904,540,38,1,1,1
138,167,73,1,1,0
40,286,99,1,1,1
143,243,18,0,0,0
20,350,27,0,1,1
817,225,55,0,0,0
558,414,28,0,1,1
323,782,11,1,1,0
475,883,34,1,0,1
312,987,53,1,1,0
678,606,38,0,0,0
713,525,60,0,1,0
506,648,40,0,0,0
30,741,97,0,1,1
421,443,31,0,1,1
78,937,65,1,0,0
749,669,17,1,0,1
668,217,18,0,1,1
512,572,58,1,1,0
274,635,8,1,0,1
85,90,85,0,1,0
112,916,16,1,1,1
258,184,44,0,1,1
388,271,71,0,1,1
787,845,99,0,0,0
899,321,83,1,0,0
272,851,30,0,1,0
842,276,77,1,0,0
232,475,77,0,0,0
847,867,18,0,0,0
285,155,39,1,0,0
95,443,13,0,0,1
486,489,66,1,1,0
419,528,10,0,0,1
414,299,75,1,0,1
778,539,5,1,0,1
796,928,42,1,1,0
227,509,100,1,1,0
600,360,82,1,0,1
1000,151,33,0,0,0
457,362,38,1,1,1
569,460,92,0,1,0
306,25,57,0,1,1
920,842,51,0,0,0
604,103,99,1,0,1
866,436,94,0,0,1
881,126,68,1,0,1
157,976,29,0,1,0
129,449,84,0,1,0
596,674,37,0,0,1
172,379,35,0,0,1
497,906,5,1,1,0
400,738,45,1,0,0
731,785,68,0,1,0
232,668,67,1,0,0
999,868,10,1,0,1
554,992,20,0,1,0
446,543,21,1,0,0
849,791,56,1,1,0
311,72,17,0,1,0
360,716,46,0,1,1
451,727,97,1,0,0
132,746,94,0,0,1
398,214,81,1,0,1
586,10,80,0,1,0
489,16,96,0,1,1
639,422,54,1,1,1
194,586,16,0,0,1
822,734,75,0,1,1
508,23,34,0,0,1
373,984,57,1,0,0
230,185,99,1,0,1
219,426,56,1,1,1
402,930,88,1,0,0
806,397,20,0,1,1
495,348,39,0,0,1
915,412,11,0,0,0
265,391,93,1,0,1
815,537,80,0,1,1
381,246,16,1,0,0
223,407,28,1,1,0
30,843,19,0,0,0
362,677,57,1,0,0
69,952,28,1,1,1
503,78,78,1,1,1
593,720,69,0,1,1
297,907,20,1,1,1
147,645,47,0,1,1
578,194,94,0,0,1
73,853,20,1,0,1
880,698,66,1,1,0
274,305,94,0,0,0
208,842,72,0,0,1
183,192,21,1,0,0
139,612,46,1,0,0
467,701,64,0,1,0
662,127,43,0,1,1
419,499,91,0,0,1
340,248,32,1,0,0
971,539,18,0,1,0
392,770,74,0,1,0
761,24,45,1,1,0
618,300,70,1,0,1
976,572,56,0,1,0
631,726,49,0,1,0
115,663,61,0,0,1
361,880,6,1,0,1
639,506,44,0,0,0
47,722,22,1,1,0
128,818,17,0,0,0
366,434,13,1,1,1
968,233,77,0,1,0
971,659,60,0,0,0
530,501,48,1,0,1
263,786,68,1,0,0
628,112,67,1,0,1
52,363,82,0,0,1
554,101,13,0,0,1
300,498,50,1,1,0
348,396,41,0,0,0
414,351,18,0,0,0
120,181,84,0,1,0
937,282,32,0,0,1
851,896,76,0,1,1
384,211,69,1,1,1
102,670,90,0,0,1
401,647,32,0,1,0
907,955,21,1,0,1
583,375,79,0,1,1
971,526,61,0,1,0
711,866,74,1,1,0
879,107,95,1,0,0
636,351,45,1,1,1
477,195,11,1,1,1
482,443,57,0,1,0
954,526,57,0,1,0
209,632,63,0,1,0
272,135,10,1,0,0
480,571,99,1,1,1
996,555,28,0,1,1
532,772,25,1,0,0
125,653,63,0,1,1
667,666,41,0,1,1
370,173,56,1,1,0
606,449,15,1,1,1
898,843,26,0,1,1
267,335,12,1,0,1
38,190,55,1,0,1
298,903,48,1,1,0
452,798,99,1,1,1
653,551,16,1,0,1
389,322,49,1,1,1
394,1000,13,1,0,0
708,789,100,0,0,1
397,187,16,1,1,1
165,906,43,1,1,1
15,531,82,1,0,1
484,902,78,0,1,1
779,966,11,0,0,0
996,975,52,0,1,0
162,885,80,1,1,1
735,562,31,1,1,0
245,375,96,1,1,0
263,315,91,0,1,1
239,584,29,1,0,1
523,61,100,1,0,0
47,41,17,0,0,1
678,825,100,0,0,1
972,356,82,1,1,0
486,71,83,1,1,0
981,661,15,0,0,0
275,507,83,1,0,0
57,245,54,1,0,1
929,461,82,1,1,1
929,226,89,0,1,1
23,755,45,0,1,0
436,239,56,0,1,1
433,390,7,1,1,1
463,889,19,1,1,0
218,670,99,1,0,0
256,858,62,1,0,1
759,311,84,0,0,1
310,1000,47,1,0,0
591,128,50,0,1,1
111,495,63,1,1,1
621,112,68,0,0,0
293,611,39,0,0,1
183,249,59,0,0,1
648,408,92,1,1,1
649,355,19,0,1,0
91,89,70,1,0,0
78,682,93,1,0,0
381,850,12,0,0,1
339,962,33,1,0,1
683,665,8,0,0,0
936,965,16,0,1,0
692,704,71,1,1,1
738,59,67,0,1,1
417,872,52,0,0,0
122,224,70,1,0,1
967,945,27,1,0,0
200,825,5,0,1,0
875,501,10,0,1,1
847,706,95,1,1,0
539,273,57,1,0,1
987,542,10,0,1,0
296,513,72,1,1,1
726,210,82,0,1,1
896,335,22,0,1,1
990,253,18,1,1,1
289,720,19,0,1,1
516,779,100,1,0,0
765,242,98,0,1,1
72,87,55,0,1,0
150,416,78,1,0,1
905,973,76,0,0,1
813,891,11,0,0,1
474,829,46,0,1,1
360,984,61,1,0,1
924,785,51,1,0,0
704,55,99,0,0,1
806,45,29,0,0,0
282,814,100,1,0,0
368,175,14,1,1,0
379,83,69,0,0,0
370,148,8,0,0,1
158,375,96,1,0,0
523,875,7,0,1,0
315,541,53,1,0,1
766,851,52,0,1,0
604,128,91,0,1,0
715,141,88,1,1,0
20,886,57,1,1,0
295,559,33,1,0,1
487,49,41,0,1,0
382,332,38,0,0,1
243,597,46,1,0,1
843,548,98,1,0,1
441,413,99,0,0,0
340,744,21,1,1,0
477,901,57,0,1,0
542,881,11,1,1,1
830,838,23,0,1,0
153,128,62,0,1,1
472,50,45,1,0,0
564,798,59,1,1,0
59,565,29,1,1,0
614,107,68,0,0,1
551,288,75,1,0,1
387,389,77,0,1,1
553,754,60,1,1,1
141,519,61,1,1,1
871,597,85,0,0,1
204,49,48,1,1,1
463,471,81,1,0,0
885,778,40,0,0,1
511,824,41,1,1,0
75,185,86,1,0,1
183,171,48,0,0,1
487,716,5,1,1,0
446,453,63,1,1,1
189,11,99,0,1,0
14,129,9,0,1,1
110,328,90,0,0,0
619,924,25,1,0,1
460,661,38,1,0,0
167,616,84,1,1,1
33,144,63,0,0,1
392,130,36,0,1,1
778,64,38,0,1,0
231,170,75,1,0,0
318,266,81,0,1,1
277,382,26,1,0,1
191,443,100,1,0,0
869,649,6,0,1,0
207,948,76,0,1,0
588,126,10,1,0,0
332,427,43,1,1,0
447,422,98,1,0,1
718,109,85,1,0,0
305,754,89,0,1,1
986,667,82,0,1,0
810,47,56,1,0,1
824,546,20,1,1,1
59,514,18,0,0,1
223,336,52,1,0,0
30,823,61,1,0,0
954,284,80,1,0,1
323,998,81,0,0,0
595,551,82,1,0,0
759,511,95,0,0,1
351,107,58,0,0,0
804,339,87,1,1,0
294,974,22,1,1,1
642,499,90,0,0,1
218,566,93,1,1,1
72,211,37,0,0,0
188,269,32,1,1,0
923,328,45,1,0,1
390,111,29,1,0,1
378,296,64,1,0,1
879,809,22,1,0,1
933,272,90,1,1,1
691,583,72,1,1,0
149,768,13,0,0,1
164,512,64,0,0,0
599,383,84,1,0,1
252,788,37,0,0,1
178,645,79,1,0,1
378,215,70,1,0,0
977,273,99,0,1,0
510,906,31,0,1,1
766,894,86,1,1,0
283,853,35,1,0,1
804,898,31,0,0,1
362,94,98,1,1,0
288,203,17,0,0,0
14,633,10,0,1,0
882,155,35,0,1,1
733,774,65,1,0,1
612,323,15,1,0,1
940,937,53,0,0,0
529,349,94,1,1,1
896,900,83,0,1,0
82,469,82,0,1,0
716,160,49,1,0,0
376,240,87,1,0,0
44,506,72,1,0,0
732,553,59,1,0,0
44,460,74,1,0,1
61,174,18,0,1,0
426,476,89,0,1,0
592,13,32,0,1,0
879,972,94,1,0,1
558,524,23,1,0,0
209,740,43,0,1,0
324,88,29,1,0,1
173,597,88,0,1,0
889,140,30,1,0,0
636,134,40,1,1,0
112,311,21,0,0,1
389,307,29,1,1,0
830,558,55,1,0,1
184,824,53,0,1,1
963,591,44,1,0,1
579,467,7,0,0,1
125,268,78,1,1,1
677,704,77,1,0,1
660,974,71,1,0,0
524,681,73,1,1,1
879,737,84,1,0,1
973,485,95,1,1,0
616,93,68,0,1,0
615,324,13,1,0,0
636,247,31,1,1,1
694,200,57,1,0,1
762,308,61,0,0,1
768,970,88,0,0,1
513,859,6,1,1,1
245,693,91,1,0,1
695,617,84,0,0,0
561,695,26,1,1,1
913,427,62,1,1,0
726,877,29,0,1,1
144,671,27,1,1,1
326,16,67,1,1,1
392,727,33,0,0,0
582,812,16,0,1,0
663,892,88,1,0,1
105,340,66,1,1,0
333,535,24,1,0,1
700,341,64,0,1,1
104,834,82,0,1,0
620,126,22,0,0,1
552,72,30,1,0,1
889,274,56,1,0,1
842,205,66,1,1,0
232,835,70,1,0,1
381,540,83,0,0,1
225,957,29,0,0,0
488,653,13,1,0,0
446,323,49,1,1,0
203,486,91,1,0,1
518,257,9,0,0,1
800,369,20,0,0,1
683,453,42,0,1,1
844,89,54,0,0,0
801,588,66,0,1,1
260,871,47,0,1,1
155,812,66,0,0,0
197,924,88,0,0,0
526,324,16,1,1,0
56,527,22,0,0,1
520,247,67,0,1,0
759,801,60,0,1,1
860,16,92,0,1,0
163,460,64,0,1,0
95,671,20,1,0,1
66,599,36,0,0,1
530,870,63,0,0,1
358,162,9,0,0,0
346,844,54,0,1,1
761,800,54,0,1,1
161,99,49,1,1,0
25,30,17,1,0,0
36,324,87,1,1,0
671,294,88,0,0,1
884,489,44,0,1,1
33,569,93,0,0,0
819,302,98,0,1,1
676,483,16,0,1,1
415,329,46,1,1,0
281,594,95,0,1,0
451,697,86,1,1,0
443,993,20,0,0,0
935,579,72,1,1,1
161,647,64,0,0,1
266,970,23,1,1,1
192,926,20,0,0,0
423,206,39,1,1,0
547,181,86,0,1,1
506,504,42,0,0,0
610,750,19,0,0,1
210,828,54,1,0,0
144,760,77,0,1,0
41,426,95,0,0,0
278,959,5,0,1,1
667,877,53,1,1,1
358,988,12,1,0,0
421,536,84,0,1,0
211,509,40,1,0,0
394,790,25,0,0,1
404,969,57,1,1,1
256,450,99,0,1,1
971,867,17,0,1,0
958,922,97,0,0,1
877,177,68,1,0,1
171,776,17,1,0,0
109,188,24,1,0,0
826,397,42,0,1,1
422,434,67,1,0,0
615,947,14,0,1,0
303,184,42,0,0,0
787,818,87,0,0,1
356,950,63,0,0,0
694,48,88,0,1,1
715,913,90,0,1,1
522,633,61,1,1,1
212,80,56,0,1,1
455,472,31,1,0,1
405,998,64,0,1,0
808,955,39,1,0,1
17,152,74,0,0,1
568,61,26,1,0,1
894,1000,24,1,0,0
854,757,66,1,0,1
440,162,8,1,0,1
676,99,76,1,1,0
498,372,65,0,1,1
787,605,7,0,1,0
769,164,70,0,1,1
193,835,65,1,0,0
297,766,78,1,0,0
494,657,75,0,1,1
934,974,97,0,0,1
844,753,97,1,1,0
153,268,100,1,0,1
757,925,57,0,1,1
39,328,92,0,1,0
991,808,5,1,1,1
561,34,71,0,1,1
422,12,27,1,1,0
178,552,53,0,1,0
30,239,32,0,0,0
384,56,73,0,1,1
612,841,58,0,0,0
671,667,14,0,0,1
725,322,53,0,0,0
610,638,43,0,0,1
474,311,100,1,0,0
758,251,95,0,1,1
437,422,96,0,0,1
701,608,95,1,0,0
939,282,100,0,1,0
988,315,52,1,1,0
334,379,22,0,1,1
282,492,90,0,1,0
299,94,58,1,0,1
769,147,28,0,1,1
493,421,44,0,0,0
674,284,100,0,1,1
530,768,31,0,0,0
211,13,64,1,1,1
434,54,59,0,0,1
625,489,88,1,1,1
888,362,30,0,0,0
452,669,59,0,1,1
748,600,26,0,1,1
61,82,72,0,0,0
928,814,23,1,0,1
237,395,67,0,0,1
201,63,6,0,1,0
38,937,17,0,1,1
600,404,11,0,1,1
708,571,69,0,1,0
271,282,63,1,1,1
312,758,62,0,0,0
107,815,74,0,1,1
282,348,42,1,1,0
203,367,98,0,0,1
889,767,44,1,0,1
95,716,42,0,1,0
993,844,53,0,1,1
680,631,98,0,0,1
467,536,15,1,0,1
509,399,30,1,0,1
867,841,28,1,0,0
887,63,80,1,0,1
607,602,24,0,0,1
58,298,49,1,1,0
242,702,56,1,0,0
270,874,30,0,1,1
394,725,24,0,1,1
551,368,100,0,1,0
766,124,72,1,1,0
784,706,12,0,0,1
551,480,31,1,1,0
975,766,93,1,1,0
446,204,23,1,1,1
203,907,43,1,1,1
626,240,69,0,0,1
498,292,41,1,1,0
381,131,90,1,0,0
885,481,47,0,0,0
928,416,87,0,1,1
389,935,82,1,0,1
36,584,62,1,1,0
272,952,51,0,1,0
54,139,76,0,1,0
26,472,62,0,0,1
574,145,26,1,1,1
299,694,11,0,1,1
877,754,26,1,0,1
510,668,49,0,0,0
518,391,46,0,0,0
112,920,91,0,1,0
229,362,100,0,1,1
307,566,16,0,1,1
235,36,46,1,0,1
125,224,23,1,0,1
178,455,31,0,0,0
178,888,13,1,0,1
190,812,54,1,1,1
140,500,46,1,1,0
730,612,53,1,0,0
214,493,74,1,1,1
107,979,36,1,1,0
179,647,61,0,1,0
804,157,44,1,0,0
231,810,57,0,0,0
961,109,10,1,1,0
123,304,61,1,1,1
760,504,18,0,0,0
142,110,6,0,0,0
460,242,36,1,1,1
551,668,46,0,1,1
433,361,18,1,0,0
365,187,50,0,0,0
328,833,82,1,0,0
117,957,96,0,0,1
519,27,60,0,0,1
544,463,73,0,0,1
585,881,20,0,1,1
